  #   ,TRADING CODE ,  LTP*  ,  HIGH   ,  LOW   ,CLOSEP* , YCP ,CHANGE ,  TRADE   ,VALUE (mn),   VOLUME   
1,1JANATAMF,4.5,4.6,4.5,4.6,4.6,-0.1,62,0.413,"91,511"
2,1STICB,0,0,0,"1,075","1,075",--,0,0,0
3,1STPRIMFMF,12.4,12.5,12.4,12.5,12.4,0,27,0.351,"28,173"
4,2NDICB,267,267,267,267,265,2,1,0.027,100
5,3RDICB,227,227,227,227,225.9,1.1,1,0.007,30
6,4THICB,201,201,201,201,197,4,6,0.02,100
7,5THICB,180,180,180,180,180,0,4,0.036,200
8,6THICB,57.3,57.3,57,57.1,58,-0.7,18,0.274,"4,800"
9,7THICB,90,90,90,90,82.5,7.5,3,0.045,500
10,8THICB,0,0,0,63.7,63.7,--,0,0,0
11,AAMRATECH,36.9,37.6,36.8,36.9,37.3,-0.4,421,12.886,"347,592"
12,ABB1STMF,5.5,5.6,5.5,5.6,6,-0.5,2,0.01,"1,820"
13,ABBANK,22.8,23.1,22.7,22.8,23,-0.2,372,15.504,"679,742"
14,ACI,516.5,524,512.3,516.2,518.3,-1.8,"1,594",99.702,"192,561"
15,ACIFORMULA,148.2,154,148,149,151.7,-3.5,"1,449",68.904,"457,509"
16,ACTIVEFINE,62,63.9,62,62.7,64,-2,260,7.645,"121,290"
17,AFCAGRO,43,43.2,42.7,42.8,43.5,-0.5,57,2.757,"64,200"
18,AFTABAUTO,54.6,55.9,54.5,54.7,55.3,-0.7,324,5.625,"102,603"
19,AGNISYSL,31.5,31.9,30.8,31.2,31.6,-0.1,"1,138",57.137,"1,834,218"
20,AGRANINS,15.7,15.9,15.5,15.8,15.4,0.3,24,0.456,"28,910"
21,AIBL1STIMF,4.4,4.5,4.3,4.5,4.3,0.1,12,0.112,"25,220"
22,AIMS1STMF,26.5,27.3,26.5,27,27,-0.5,108,8.389,"312,877"
23,AL-HAJTEX,94.1,95.6,92.9,93.8,95.1,-1,475,8.272,"88,052"
24,ALARABANK,12.3,12.4,12.1,12.3,12.2,0.1,208,6.001,"491,632"
25,ALLTEX,22.8,23.6,22.8,22.9,23,-0.2,351,8.864,"384,685"
26,AMBEEPHA,324,333,320,322.2,328.9,-4.9,148,3.514,"10,755"
27,AMCL(PRAN),200.7,204,198.7,200.2,201.1,-0.4,69,1.546,"7,734"
28,ANLIMAYARN,17.6,18.2,17.6,17.7,17.9,-0.3,21,0.114,"6,458"
29,ANWARGALV,37,38,36.8,36.9,37.5,-0.5,184,2.598,"70,225"
30,APEXFOODS,95.6,97.8,95.1,96.2,96.1,-0.5,60,1.162,"12,110"
31,APEXFOOT,385.3,393.4,382.7,386,389.8,-4.5,128,4.263,"11,080"
32,APEXSPINN,69.8,69.8,68.9,69.3,69.5,0.3,63,0.915,"13,220"
33,APEXTANRY,121.4,121.4,118,118.3,120.1,1.3,214,5.052,"42,527"
34,APOLOISPAT,14.7,14.9,14.7,14.8,14.8,-0.1,247,3.791,"257,196"
35,ARAMIT,285,294.8,285,290.4,291.8,-6.8,44,0.781,"2,679"
36,ARAMITCEM,26.1,27,26.1,26.7,27.5,-1.4,59,0.436,"16,308"
37,ARGONDENIM,31.2,32,30.9,31.4,31.1,0.1,195,5.968,"191,577"
38,ASIAINS,17.6,17.8,17.1,17.4,17.2,0.4,37,0.288,"16,551"
39,ASIAPACINS,15.3,15.3,15.1,15.2,15.2,0.1,15,0.117,"7,700"
40,ATCSLGF,6.8,6.9,6.6,6.8,6.9,-0.1,475,2.797,"412,430"
41,ATLASBANG,128,129,127.7,128,129.4,-1.4,75,1.002,"7,822"
42,AZIZPIPES,19.7,19.9,19.7,19.8,19.9,-0.2,59,0.278,"14,017"
43,BANGAS,356.5,363,353.1,358.7,353.7,2.8,864,22.466,"62,617"
44,BANKASIA,13.3,13.6,13.2,13.3,13.3,0,69,0.97,"72,764"
45,BATASHOE,"1,374.50","1,374.50","1,340.20","1,349.40","1,352.90",21.6,64,2.153,"1,601"
46,BATBC,"3,047","3,098.90","3,046.30","3,054.90","3,099.30",-52.3,212,17.95,"5,874"
47,BAYLEASING,25.3,26.3,25.3,25.6,26.1,-0.8,128,2.807,"108,965"
48,BBS,43.1,43.6,42.9,43.1,43.7,-0.6,278,11.353,"262,553"
49,BDAUTOCA,17.3,17.8,17.2,17.4,18.3,-1,40,0.119,"6,812"
50,BDCOM,24.6,25.4,24.6,24.7,24.9,-0.3,185,6.147,"246,575"
51,BDFINANCE,12.1,12.2,12,12.1,12.1,0,116,1.437,"119,136"
52,BDLAMPS,113.6,114.9,111,112.6,113.3,0.3,131,1.344,"11,976"
53,BDSERVICE,0,0,0,6.3,6.3,--,0,0,0
54,BDTHAI,34.5,35.5,34.3,34.5,34.9,-0.4,221,3.99,"114,917"
55,BDWELDING,15,15.4,14.8,14.9,15.4,-0.4,85,1.08,"71,876"
56,BEACHHATCH,18.2,18.8,18,18.1,18.7,-0.5,216,3.186,"174,143"
57,BEACONPHAR,14.4,14.6,14.4,14.5,14.5,-0.1,94,3.149,"217,308"
58,BEDL,31.3,31.9,31.2,31.4,31.6,-0.3,324,12.651,"402,094"
59,BENGALWTL,58.5,58.6,57.1,58.3,58.1,0.4,148,6.36,"109,877"
60,BERGERPBL,"1,622","1,659","1,622","1,623.40","1,641.20",-19.2,88,2.973,"1,824"
61,BEXIMCO,32.5,33,32.3,32.5,32.8,-0.3,"1,196",39.096,"1,200,345"
62,BGIC,16.1,16.3,16.1,16.2,16.1,0,59,0.459,"28,334"
63,BIFC,11.7,11.9,11.6,11.7,11.8,-0.1,41,0.537,"45,817"
64,BRACBANK,35.6,35.6,34.8,35.5,35,0.6,197,19.035,"542,322"
65,BSC,366,379.1,366,368.7,380.2,-14.2,675,5.112,"13,743"
66,BSCCL,120,122.8,119.8,120.2,121.8,-1.8,851,24.133,"199,827"
67,BSRMSTEEL,66.4,68.5,66.1,66.4,67.8,-1.4,432,15.731,"235,530"
68,BXPHARMA,56.1,56.8,55.8,56.1,56.5,-0.4,491,21.275,"378,899"
69,BXSYNTH,10.1,10.3,10.1,10.2,10.2,-0.1,46,0.555,"54,529"
70,CENTRALINS,20,20,19.7,19.7,20,0,5,0.004,202
71,CENTRALPHL,25.8,26.2,25.6,25.8,26.1,-0.3,212,6.799,"262,914"
72,CITYBANK,16.8,17,16.6,16.9,16.8,0,688,6.711,"398,982"
73,CITYGENINS,13.5,13.8,13.5,13.7,13.8,-0.3,32,0.289,"21,177"
74,CMCKAMAL,15.4,15.7,15.4,15.5,15.5,-0.1,144,3.905,"250,468"
75,CNATEX,17.2,17.4,17,17.1,17.2,0,231,6.844,"399,872"
76,CONFIDCEM,93.2,94,93,93.2,93.8,-0.6,102,1.174,"12,572"
77,CONTININS,15,15.4,14.8,15,15,0,23,0.128,"8,569"
78,CVOPRL,386.1,400.8,385.1,388.2,396.3,-10.2,997,18.367,"46,809"
79,DACCADYE,12.5,12.9,12.3,12.5,12.8,-0.3,207,2.41,"191,790"
80,DAFODILCOM,12.3,12.4,12.1,12.2,12.4,-0.1,39,0.485,"39,505"
81,DBH,75.8,78.8,75.5,77.4,78.3,-2.5,6,0.116,"1,506"
82,DBH1STMF,4.1,4.1,4,4.1,4.1,0,17,0.763,"186,250"
83,DELTALIFE,146.5,150.2,145.7,146.7,149,-2.5,797,29.509,"200,099"
84,DELTASPINN,10.6,10.6,10.4,10.5,10.6,0,174,2.234,"212,121"
85,DESCO,63.9,65.2,63.6,64,65.1,-1.2,319,13.43,"208,375"
86,DESHBANDHU,17,17.3,17,17,17.3,-0.3,131,1.863,"108,772"
87,DHAKABANK,17.6,18,17.3,17.6,18,-0.4,34,0.5,"28,467"
88,DHAKAINS,20.8,20.8,20.3,20.7,20.6,0.2,12,0.178,"8,615"
89,DSHGARME,76.9,78,76.5,76.7,77,-0.1,110,0.976,"12,665"
90,DULAMIACOT,7.8,7.8,7.7,7.8,7.3,0.5,4,0.013,"1,700"
91,DUTCHBANGL,77.7,80,77.7,78.4,78.9,-1.2,74,0.984,"12,432"
92,EASTERNINS,25,25.2,24.6,25,25.1,-0.1,13,0.072,"2,875"
93,EASTLAND,26.8,27.3,26.2,26.6,27,-0.2,103,1.327,"49,611"
94,EASTRNLUB,370.1,375,364.1,371.2,374.7,-4.6,21,0.205,551
95,EBL,25.3,25.5,24.5,25.1,25.7,-0.4,42,2.558,"102,095"
96,EBL1STMF,4.5,4.6,4.5,4.5,4.6,-0.1,20,0.255,"56,360"
97,EBLNRBMF,0,0,0,4.3,4.3,--,0,0,0
98,ECABLES,129.8,132.1,127.6,129.5,133.7,-3.9,13,0.337,"2,600"
99,EHL,39.3,39.5,38.7,38.9,39.5,-0.2,183,3.715,"95,297"
100,EMERALDOIL,36.7,37.2,36.7,36.8,37.4,-0.7,134,5.003,"135,620"
101,ENVOYTEX,48.5,48.6,47.4,48,48.8,-0.3,54,2.225,"46,221"
102,EXIM1STMF,0,0,0,6.6,6.6,--,0,0,0
103,EXIMBANK,10,10.1,9.9,10,10,0,182,3.417,"341,865"
104,FAMILYTEX,16,16.1,15.6,15.8,15.7,0.3,231,6.655,"422,843"
105,FARCHEM,26.9,27.8,26.9,27,27.5,-0.6,172,3.563,"131,486"
106,FAREASTFIN,13.8,14,13.6,13.7,13.7,0.1,105,1.07,"77,917"
107,FAREASTLIF,71.2,72.1,71.2,71.6,72.2,-1,75,1.091,"15,172"
108,FASFIN,13.9,14.2,13.9,14.2,14.3,-0.4,14,0.05,"3,567"
109,FBFIF,0,0,0,5.8,5.8,--,0,0,0
110,FEDERALINS,13.8,13.8,13.4,13.7,13.5,0.3,53,0.268,"19,656"
111,FEKDIL,20.3,20.4,20.2,20.2,20.3,0,65,0.989,"48,937"
112,FINEFOODS,10.1,10.1,9.9,10.1,9.9,0.2,11,0.096,"9,556"
113,FIRSTFIN,11.5,12,11.2,11.2,12.2,-0.7,139,1.509,"131,620"
114,FIRSTSBANK,0,0,0,10.2,10.2,--,0,0,0
115,FUWANGCER,12.6,12.9,12.5,12.6,12.6,0,119,1.37,"109,032"
116,FUWANGFOOD,21,21.3,20.8,21,21.4,-0.4,460,13.511,"643,777"
117,GBBPOWER,19.8,20.1,19.6,19.7,19.9,-0.1,138,2.397,"121,306"
118,GEMINISEA,184.9,187,182.3,183.4,185.3,-0.4,39,0.446,"2,422"
119,GENNEXT,12,12.1,11.9,12.1,12.1,-0.1,159,2.894,"240,711"
120,GHAIL,22.7,22.9,22,22.5,22.7,0,124,3.468,"155,310"
121,GHCL,37.8,38,37.7,37.8,37.6,0.2,35,0.856,"22,653"
122,GLAXOSMITH,"1,824","1,850","1,807.10","1,822","1,839.90",-15.9,176,6.248,"3,420"
123,GLOBALINS,14.3,14.5,14.2,14.4,14.5,-0.2,20,0.203,"14,101"
124,GOLDENSON,39.2,40.2,39.2,39.4,39.8,-0.6,386,9.494,"239,872"
125,GP,348.3,354.5,347.1,348.5,353.7,-5.4,"2,490",186.712,"534,800"
126,GPHISPAT,42,42.7,41.6,42,42.5,-0.5,97,4.545,"108,223"
127,GQBALLPEN,95.8,97,95.8,96.1,96.9,-1.1,90,1.136,"11,804"
128,GRAMEEN1,21.3,21.6,21.2,21.3,21.5,-0.2,47,1.044,"48,969"
129,GRAMEENS2,10.3,10.5,10.2,10.3,10.5,-0.2,77,1.156,"112,028"
130,GREENDELMF,4.2,4.2,4,4.1,4.2,0,20,0.193,"46,800"
131,GREENDELT,57,57.2,57,57,58.3,-1.3,13,0.102,"1,795"
132,GSPFINANCE,12.1,12.5,12,12.1,12.4,-0.3,188,3.044,"248,221"
133,HAKKANIPUL,22.8,23,22.7,22.8,22.8,0,22,0.065,"2,850"
134,HEIDELBCEM,449,452,446,449.4,450.2,-1.2,240,9.603,"21,351"
135,HFL,24,24.6,23.9,24.1,24.6,-0.6,294,3.771,"156,435"
136,HRTEX,21.5,21.5,21.1,21.4,21.8,-0.3,26,0.217,"10,153"
137,HWAWELLTEX,28.3,30.1,28.3,28.5,29.5,-1.2,85,1.987,"68,437"
138,IBNSINA,105,107.3,104,104.3,105.2,-0.2,294,7.583,"71,542"
139,ICB,128.5,130.6,128.2,128.7,129.9,-1.4,208,4.456,"34,497"
140,ICB1STNRB,0,0,0,17.8,17.8,--,0,0,0
141,ICB2NDNRB,6.5,6.6,6.5,6.6,6.6,-0.1,4,0.033,"5,000"
142,ICB3RDNRB,4,4.1,3.9,4.1,4,0,32,0.533,"131,500"
143,ICBAMCL2ND,4.5,4.5,4.5,4.5,4.6,-0.1,1,0.002,500
144,ICBEPMF1S1,4.2,4.2,4.1,4.1,4.2,0,10,0.059,"14,450"
145,ICBIBANK,4,4.1,3.9,4,4,0,134,2.041,"512,802"
146,ICBSONALI1,5.9,5.9,5.9,5.9,5.9,0,1,0.006,"1,000"
147,IDLC,49,50.4,48.8,49.2,50.9,-1.9,691,27.16,"550,166"
148,IFADAUTOS,65,66,63.3,65.7,63.6,1.4,"1,705",106.95,"1,643,235"
149,IFIC,21.5,21.9,21,21.1,21.6,-0.1,88,1.289,"60,814"
150,IFIC1STMF,4.3,4.4,4.3,4.3,4.3,0,14,0.123,"28,664"
151,IFILISLMF1,5.6,5.8,5.6,5.7,5.7,-0.1,24,0.224,"39,295"
152,ILFSL,11.9,11.9,11.7,11.7,11.9,0,88,1.817,"154,458"
153,IMAMBUTTON,10,10.2,10,10,10.7,-0.7,34,0.189,"18,820"
154,INTECH,12.6,12.8,12.5,12.6,12.8,-0.2,97,1.001,"78,930"
155,IPDC,14.2,14.7,14.2,14.4,14.7,-0.5,26,0.254,"17,699"
156,ISLAMIBANK,20.2,20.3,20,20.2,20.2,0,210,7.096,"353,433"
157,ISLAMICFIN,14.7,14.7,14.5,14.6,14.7,0,106,2.006,"137,369"
158,ISLAMIINS,17.1,17.1,16.2,16.7,16.8,0.3,23,0.262,"15,698"
159,ISNLTD,10.9,11.2,10.9,11,11.1,-0.2,92,0.736,"66,831"
160,JAMUNABANK,13,13.3,12.8,13.1,12.4,0.6,415,8.862,"680,636"
161,JAMUNAOIL,208.5,211.7,207.8,208.3,210.1,-1.6,690,34.847,"166,940"
162,JANATAINS,13,13,12.6,12.8,12.6,0.4,10,0.041,"3,211"
163,JMISMDL,183.1,193.6,183.1,184.3,190.3,-7.2,650,18.37,"97,889"
164,JUTESPINN,0,0,0,47.9,47.9,--,0,0,0
165,KARNAPHULI,14.2,14.4,14,14.2,14.2,0,23,0.227,"15,942"
166,KAY&QUE,12.5,12.5,12.5,12.5,12,0.5,1,0.004,300
167,KBPPWBIL,21.8,22.5,21.8,21.9,22.2,-0.4,231,3.345,"151,581"
168,KEYACOSMET,17.9,18.1,17.8,17.9,18.1,-0.2,102,2.046,"113,995"
169,KOHINOOR,353,358.6,350.1,351.3,356.7,-3.7,90,0.849,"2,390"
170,KPCL,63.1,64,61.9,63,62.4,0.7,"1,555",111.518,"1,768,747"
171,KPPL,18.3,18.6,18,18.1,18.5,-0.2,288,5.445,"299,517"
172,LAFSURCEML,112.6,116,111.4,112.3,113.4,-0.8,"2,864",197.305,"1,756,715"
173,LANKABAFIN,30.5,31.4,30.5,30.6,31.4,-0.9,348,7.873,"256,011"
174,LEGACYFOOT,22,22.8,21.7,22,23,-1,160,1.822,"81,770"
175,LIBRAINFU,362.1,366,362,363.9,379,-16.9,17,0.482,"1,325"
176,LINDEBD,909.3,912.4,908,910.7,911.6,-2.3,89,4.134,"4,548"
177,LRGLOBMF1,4,4.3,4,4.3,4.1,-0.1,31,1.392,"327,300"
178,MAKSONSPIN,9.7,9.8,9.5,9.6,9.6,0.1,199,3.312,"344,741"
179,MALEKSPIN,17.6,17.7,17.3,17.5,17.3,0.3,33,0.562,"32,198"
180,MARICO,"1,421","1,438","1,420","1,430.70","1,430",-9,106,4.489,"3,147"
181,MATINSPINN,39.8,39.9,39.3,39.8,39.9,-0.1,74,3.126,"78,834"
182,MBL1STMF,4,4,3.9,3.9,3.9,0.1,7,0.188,"48,050"
183,MEGCONMILK,7.2,7.5,7.2,7.3,7.5,-0.3,21,0.179,"24,630"
184,MEGHNACEM,108.3,109,108.3,108.5,109.6,-1.3,31,0.444,"4,090"
185,MEGHNALIFE,78,78.8,77.1,77.9,78,0,141,3.292,"42,373"
186,MEGHNAPET,6.1,6.1,6.1,6.1,5.7,0.4,1,0,10
187,MERCANBANK,12.4,12.4,12.2,12.3,12.3,0.1,107,1.147,"93,608"
188,MERCINS,13.4,13.5,13.3,13.3,13.5,-0.1,7,0.065,"4,862"
189,METROSPIN,10.1,10.3,10.1,10.2,10.3,-0.2,45,0.794,"78,023"
190,MHSML,32.2,32.8,31.8,32.2,32,0.2,905,33.046,"1,022,333"
191,MICEMENT,66.7,67.3,65.7,67,66.7,0,184,4.773,"71,465"
192,MIDASFIN,10.6,11,10.5,10.6,11,-0.4,34,0.256,"23,932"
193,MIRACLEIND,13.8,13.8,13.6,13.6,13.8,0,72,0.583,"42,740"
194,MITHUNKNIT,78.3,79.9,78.2,78.3,79.6,-1.3,237,5.933,"75,384"
195,MJLBD,128.2,133.5,128.1,128.8,131.9,-3.7,"2,858",161.519,"1,238,313"
196,MODERNDYE,74.2,80.9,74.2,74.6,79,-4.8,3,0.004,53
197,MONNOCERA,25.7,26,25.5,25.7,25.8,-0.1,8,0.017,652
198,MONNOSTAF,286,292,286,289.1,291.3,-5.3,23,0.376,"1,300"
199,MPETROLEUM,204,206.5,203.5,204.4,206,-2,251,7.288,"35,527"
200,MTB,14.7,14.7,13.8,14.1,13.9,0.8,71,1.585,"113,172"
201,NATLIFEINS,232.3,238.1,231.2,234.8,236.1,-3.8,17,0.422,"1,796"
202,NAVANACNG,55.4,56.4,54.6,54.9,55.8,-0.4,271,6.304,"114,069"
203,NBL,10,10.2,10,10,10.2,-0.2,366,9.941,"988,941"
204,NCCBANK,10.6,10.8,10.5,10.7,10.9,-0.3,257,5.05,"473,082"
205,NCCBLMF1,3.9,4,3.8,3.8,3.9,0,76,1.529,"394,667"
206,NFML,22.9,23.8,22.7,22.9,23.4,-0.5,375,5.168,"223,246"
207,NHFIL,23.1,23.8,23.1,23.3,23.5,-0.4,30,0.298,"12,796"
208,NITOLINS,26.3,26.7,25.3,26.5,26.1,0.2,25,0.166,"6,328"
209,NLI1STMF,8.3,8.3,8.3,8.3,8.4,-0.1,4,0.457,"55,000"
210,NORTHERN,197.5,197.5,197,197.1,204.9,-7.4,7,0.074,374
211,NORTHRNINS,20.3,20.6,20.2,20.2,20.5,-0.2,52,0.761,"37,343"
212,NPOLYMAR,76,77.8,74.2,75.9,76.6,-0.6,152,4.829,"63,569"
213,NTC,718,718,700,709,719.5,-1.5,2,0.007,10
214,NTLTUBES,106,107.5,105.7,106,108.1,-2.1,224,2.676,"25,101"
215,OLYMPIC,222.2,224,220.5,222,222.3,-0.1,363,12.606,"56,930"
216,ONEBANKLTD,12.2,12.5,12.2,12.2,12.5,-0.3,227,8.24,"671,540"
217,ORIONINFU,43.9,44.8,43.4,43.8,43.3,0.6,"1,228",37.887,"857,167"
218,ORIONPHARM,43.6,43.9,42.7,43.4,42.7,0.9,"1,296",62.749,"1,447,598"
219,PADMALIFE,36,36.4,36,36.2,36.3,-0.3,18,0.168,"4,640"
220,PADMAOIL,245.1,248.5,244.5,245.3,245.8,-0.7,326,10.777,"43,925"
221,PARAMOUNT,12.7,13.5,12.7,13,13.5,-0.8,27,0.168,"12,830"
222,PENINSULA,20,20.8,19.9,20,20.5,-0.5,180,2.888,"143,575"
223,PEOPLESINS,18.5,18.5,17.7,18.4,17.8,0.7,79,0.668,"36,792"
224,PF1STMF,4.4,4.4,4.3,4.3,4.3,0.1,8,0.017,"3,889"
225,PHARMAID,305,324,300,304.2,313.9,-8.9,"1,802",75.315,"241,258"
226,PHENIXINS,24,25,23.9,23.9,24,0,59,2.67,"110,700"
227,PHOENIXFIN,23.2,23.5,23.2,23.2,23.3,-0.1,57,0.815,"35,019"
228,PHPMF1,4.2,4.3,4.2,4.3,4.2,0,46,0.299,"70,721"
229,PIONEERINS,37.9,38,37.8,37.8,38.4,-0.5,20,0.348,"9,200"
230,PLFSL,15.9,16.4,15.8,15.9,16.3,-0.4,438,7.58,"472,349"
231,POPULAR1MF,4.4,4.5,4.3,4.4,4.3,0.1,41,0.263,"59,517"
232,POPULARLIF,167,169,165,166.1,166,1,203,8.338,"49,972"
233,POWERGRID,33.3,34,33.3,33.4,34,-0.7,141,2.297,"68,517"
234,PRAGATIINS,34,35.1,34,34.1,35,-1,29,0.333,"9,726"
235,PRAGATILIF,110.9,110.9,108.9,109.7,110.2,0.7,32,0.653,"5,975"
236,PREMIERBAN,8.9,9,8.8,8.9,8.9,0,90,0.667,"75,134"
237,PREMIERCEM,63.6,64.8,63.6,64.2,63.9,-0.3,33,0.542,"8,446"
238,PREMIERLEA,7.7,7.7,7.6,7.6,7.8,-0.1,30,0.329,"43,052"
239,PRIME1ICBA,4.1,4.2,4.1,4.1,4.2,-0.1,14,0.099,"24,000"
240,PRIMEBANK,15.3,15.9,15.2,15.8,15.5,-0.2,84,2.159,"137,247"
241,PRIMEFIN,15,15,14.9,15,15.1,-0.1,134,2.196,"146,917"
242,PRIMEINSUR,14.9,15.1,14.7,15,15.2,-0.3,28,0.238,"15,942"
243,PRIMELIFE,52.6,54.1,52.6,52.7,54,-1.4,60,0.97,"18,298"
244,PRIMETEX,17,17.3,16.6,16.9,17.5,-0.5,4,0.237,"14,000"
245,PROGRESLIF,78,78,74.2,76.5,78.6,-0.6,18,0.141,"1,840"
246,PROVATIINS,15.6,16.3,15.2,15.3,15.7,-0.1,25,0.813,"53,092"
247,PTL,17,17.1,16.1,17,16.7,0.3,250,5.108,"304,541"
248,PUBALIBANK,19.6,20.1,19.5,19.9,19.7,-0.1,178,5.049,"254,974"
249,PURABIGEN,16.4,16.9,16.2,16.5,16.5,-0.1,41,0.269,"16,350"
250,QSMDRYCELL,55,56.8,54.6,54.9,56.2,-1.2,327,8.782,"159,096"
251,RAHIMAFOOD,28.8,29.2,28.8,29,29.4,-0.6,31,0.167,"5,765"
252,RAHIMTEXT,233,238.3,232.3,234.3,235.9,-2.9,120,1.974,"8,383"
253,RAKCERAMIC,51,52.9,50.9,51.1,51.8,-0.8,286,6.026,"117,219"
254,RANFOUNDRY,98.9,99.4,98.1,98.6,98.1,0.8,27,0.556,"5,651"
255,RDFOOD,16.5,16.8,16.4,16.5,16.8,-0.3,164,2.002,"120,711"
256,RECKITTBEN,"1,725","1,737.90","1,690","1,720.60","1,697",28,349,7.901,"4,608"
257,RELIANCE1,6.2,6.3,6.2,6.3,6.3,-0.1,8,0.132,"21,000"
258,RELIANCINS,40.8,40.8,39.9,39.9,41.1,-0.3,3,0.011,280
259,RENATA,"1,162.20","1,168.90","1,150","1,162.30","1,155.50",6.7,720,38.049,"32,761"
260,RENWICKJA,250.5,269.8,249,251.3,265.7,-15.2,202,4.189,"16,342"
261,REPUBLIC,17.7,17.9,17.7,17.8,17.8,-0.1,14,0.339,"19,076"
262,RNSPIN,24,24.5,24,24.1,24.3,-0.3,144,2.6,"107,702"
263,RSRMSTEEL,48,48.5,47.7,47.8,48,0,267,6.405,"133,647"
264,RUPALIBANK,44,45,41,43.6,43,1,20,0.146,"3,349"
265,RUPALIINS,20,20.1,19.9,20,19.9,0.1,104,1.732,"86,498"
266,RUPALILIFE,41.6,42.3,41.6,41.7,42.5,-0.9,52,0.497,"11,840"
267,SAFKOSPINN,19.5,20,19.3,19.7,19.5,0,120,2.013,"102,781"
268,SAIFPOWER,65.6,67.3,65.3,65.7,66.4,-0.8,"1,116",44.968,"680,931"
269,SAIHAMCOT,19.1,19.7,19.1,19.1,20.1,-1,73,1.245,"64,362"
270,SAIHAMTEX,22.3,22.7,22,22.6,22.5,-0.2,61,1.979,"88,250"
271,SALAMCRST,25.1,25.7,25.1,25.2,25.5,-0.4,90,1.95,"77,295"
272,SALVOCHEM,16.5,16.6,16.4,16.5,16.5,0,116,1.349,"81,859"
273,SAMATALETH,17.6,17.6,17.5,17.5,16,1.6,7,0.026,"1,510"
274,SAMORITA,77.2,77.7,77.2,77.5,78.1,-0.9,20,0.389,"5,020"
275,SANDHANINS,57.5,57.5,56.8,57.1,57.2,0.3,124,1.493,"26,142"
276,SAPORTL,55.7,56.6,55.1,55.4,56.1,-0.4,838,25.217,"452,531"
277,SAVAREFR,0,0,0,46.3,46.3,--,0,0,0
278,SEBL1STMF,8.3,8.3,8.2,8.2,8.2,0.1,14,0.753,"91,660"
279,SHAHJABANK,11.2,11.3,10.7,11.2,11.3,-0.1,194,3.58,"319,483"
280,SHASHADNIM,41.2,42.3,41,41.4,41.4,-0.2,"4,048",67.195,"1,616,672"
281,SHURWID,21.8,22,21.5,21.7,21.7,0.1,177,2.124,"97,929"
282,SHYAMPSUG,7.2,7.3,7.1,7.2,7.4,-0.2,4,0.012,"1,700"
283,SIBL,13.3,13.4,12.8,13.2,13,0.3,138,3.852,"294,719"
284,SINGERBD,180.9,182.6,179,180.2,180.6,0.3,514,13.771,"76,531"
285,SINOBANGLA,24.7,25.5,24.7,24.8,25.1,-0.4,66,1.21,"48,380"
286,SONALIANSH,107.5,107.6,105,105.8,107.2,0.3,138,1.709,"16,097"
287,SONARBAINS,15.7,16.2,15.2,15.4,15.4,0.3,13,0.224,"14,559"
288,SONARGAON,9.9,9.9,9.9,9.9,10,-0.1,3,0.016,"1,577"
289,SOUTHEASTB,16,16.2,15.9,16,16.1,-0.1,128,5.095,"318,668"
290,SPCERAMICS,11.5,12.2,11.3,11.3,11.3,0.2,101,0.726,"63,398"
291,SPCL,183.3,186.8,181.6,183.1,182.2,1.1,"1,649",50.925,"278,226"
292,SPPCL,47.4,48.8,47.3,47.5,48.3,-0.9,450,13.931,"292,429"
293,SQUARETEXT,88.9,92,88.9,89.1,90.5,-1.6,267,7.11,"79,141"
294,SQURPHARMA,261.7,265.4,260.5,261.8,265.3,-3.6,"2,569",151.871,"578,967"
295,STANCERAM,36,36.5,36,36.2,35.8,0.2,7,0.031,860
296,STANDARINS,21.5,21.5,21.1,21.1,21.7,-0.2,12,0.061,"2,892"
297,STANDBANKL,11.5,11.6,11.3,11.5,11.3,0.2,135,4.181,"363,962"
298,STYLECRAFT,0,0,0,879.7,879.7,--,0,0,0
299,SUMITPOWER,34.3,35.3,34.2,34.4,35.1,-0.8,413,10.909,"316,421"
300,SUNLIFEINS,34.9,35.7,34.7,35,35.2,-0.3,53,1.562,"44,456"
301,TAKAFULINS,20.3,20.5,19.3,19.9,20.7,-0.4,15,0.145,"7,271"
302,TALLUSPIN,14.6,14.6,14.3,14.4,14.6,0,104,1.238,"86,162"
303,TITASGAS,73.3,73.4,72.3,73.1,72.9,0.4,219,13.568,"186,437"
304,TRUSTB1MF,4.5,4.6,4.5,4.5,4.6,-0.1,43,1.103,"244,566"
305,TRUSTBANK,13.4,13.5,13.3,13.5,13.5,-0.1,89,1.141,"85,320"
306,TUNGHAI,20.9,21.2,20.7,20.8,20.8,0.1,588,16.996,"814,536"
307,UCBL,19.9,20.7,19.9,20,20.4,-0.5,354,11.326,"562,821"
308,UNIONCAP,15.3,15.5,14.9,15.2,15.6,-0.3,66,1.041,"68,370"
309,UNIQUEHRL,46.1,49,45.8,46.3,49.2,-3.1,886,24.022,"509,688"
310,UNITEDAIR,7.7,7.9,7.7,7.8,7.8,-0.1,617,11.695,"1,506,680"
311,UNITEDFIN,19.8,20,19.4,19.7,19.6,0.2,63,1.237,"62,990"
312,UNITEDINS,24.2,24.9,24,24.2,24.5,-0.3,14,0.101,"4,188"
313,USMANIAGL,109.4,110,108,108.5,109.8,-0.4,85,0.978,"8,990"
314,UTTARABANK,20.7,21.3,20.7,20.7,22.9,-2.2,219,8.849,"427,371"
315,UTTARAFIN,61.8,63.3,61.5,61.8,63.7,-1.9,132,3.039,"48,760"
316,WATACHEM,217,220,214,214.7,217.3,-0.3,146,3.366,"15,597"
317,WMSHIPYARD,42.7,43.9,42.7,43,43.7,-1,990,30.457,"705,196"
318,ZAHEENSPIN,21.2,22.4,21,21.2,22.3,-1.1,"1,162",19.156,"886,071"
319,ZAHINTEX,13.1,13.2,12.5,12.8,12.8,0.3,78,0.741,"58,223"
320,ZEALBANGLA,7,7.2,7,7,7.3,-0.3,6,0.023,"3,200"
